Nom de la gare,Commune,Latitude,Longitude
Gare de Le Havre,LE HAVRE,49.49990190084749,0.161551148840385
Gare de Paris-St-Lazare,PARIS,48.87652569960012,2.3245590287301
Gare de Dieppe,DIEPPE,49.92140470001331,1.080970042677288
Gare de Rouen-Rive-Droite,ROUEN,49.4491878684027,1.094233526260265
Gare de Cherbourg,CHERBOURG-EN-COTENTIN,49.63310830892097,-1.620837020380606
Gare de Caen,CAEN,49.176483611248514,-0.348219668959411
Gare de Trouville-Deauville,DEAUVILLE,49.35961153422813,0.084249132581918
Gare de Granville,GRANVILLE,48.83876182369025,-1.586871632173377
Gare de Paris-Montparnasse,PARIS,48.84064284370186,2.319820501512475
Gare de Dreux,DREUX,48.73106052651336,1.370482748921555
Gare de Bourges,BOURGES,47.09461813661659,2.394323091295934
Gare de Paris-Austerlitz,PARIS,48.84049521424752,2.367037639567501
Gare de Vierzon,VIERZON,47.22809578240325,2.055350617506757
Gare de Paris-Bercy,PARIS,48.82888229904737,2.38855729996462
Gare de Nevers,NEVERS,47.0065893582654,3.165035741905773
Gare de Paris-Gare-de-Lyon,PARIS,48.84414217437708,2.373998001816566
Gare de Argentan,MOULINS-SUR-ORNE,48.75597443299157,-0.043834638492632
Gare de Orléans,FLEURY-LES-AUBRAIS,47.92731972022334,1.906134499897258
Gare de Tours,JOUE-LES-TOURS,47.35446873807753,0.665780709721447
Gare de St-Pierre-des-Corps,SAINT-PIERRE-DES-CORPS,47.385843594997674,0.725081914342086
Gare de Amiens,AMIENS,49.88991715802339,2.309276494077791
Gare de Maubeuge,MAUBEUGE,50.27249283717977,3.968453442795782
Gare de Compiègne,MARGNY-LES-COMPIEGNE,49.422366072064975,2.823822782539432
Gare de Le Mans,LE MANS,47.99501903643902,0.194090806361883
Gare de Nogent-le-Rotrou,NOGENT-LE-ROTROU,48.32568335262978,0.810167196602151
Gare de Chartres,CHARTRES,48.44866971474912,1.481429053718457
Gare de Blois-Chambord,BLOIS,47.58536368242396,1.323609474757427
Gare de Lyon-Perrache,LYON,45.748088539684176,4.823194036939477
Gare de Latour-de-Carol-Enveitg,ENVEITG,42.45891597043509,1.904435615665401
Gare de Font-Romeu-Odeillo-Via,FONT-ROMEU-ODEILLO-VIA,42.49121703762055,2.038504116632243
Gare de Briançon,LA LECHERE,45.53933536334153,6.468704614901503
Gare de Romans-Bourg-de-Péage,ROMANS-SUR-ISERE,45.04899423794729,5.049639169736672
Gare de Veynes-Dévoluy,VEYNES,44.5318792637303,5.815941234250181
Gare de Gap,GAP,44.56368066281374,6.085343549432018
Gare de Marseille-St-Charles,MARSEILLE,43.3032831626636,5.380843379830792
Gare de Aix-en-Provence,AIX-EN-PROVENCE,43.49843577804239,5.361297371448405
Gare de Nice-Ville,NICE,43.70479288120297,7.261742357128731
Gare de Les Arcs-Draguignan,LES ARCS,43.45561262532446,6.482541727033355
Gare de Grenoble,GRENOBLE,45.182109650519095,5.718515336422927
Gare de Annecy,ANNECY,45.90221094284461,6.121832970715078
Gare de Avignon-Centre,AVIGNON,43.94117071044904,4.805218639819437
Gare de Lyon-Part-Dieu,LYON,45.76054053999095,4.860200803130667
Gare de Dijon-Ville,DIJON,47.32036903434148,5.031081954810282
Gare de Sens,SENS,48.19875811256064,3.267375721688097
Gare de Mâcon-Ville,MACON,46.302759062194916,4.824546353595596
Gare de Bourg-St-Maurice,BOURG-SAINT-MAURICE,45.618307167225964,6.7715124971297
Gare de Bourgoin-Jallieu,BOURGOIN-JALLIEU,45.583899715422376,5.274278579582624
Gare de Albertville,ALBERTVILLE,45.66916626382764,6.372548716712411
Gare de Morteau,MORTEAU,47.05358911631134,6.604900412553238
Gare de Besançon-Viotte,BESANCON,47.24733508300953,6.021802404892518
Gare de Besançon-Mouillère,BESANCON,47.24051893307606,6.034041759023006
Gare de Pontarlier,PONTARLIER,46.899576657901385,6.357115258059566
Gare de Frasne,FRASNE,46.85776488480928,6.157716534518472
Gare de Meroux,MEROUX-MOVAL,47.586796809773254,6.8986152656091
Gare de Delle,DELLE,47.505797259967956,7.010177121084168
Gare de Modane,MODANE,45.193429932426135,6.659377762509819
Gare de Vallorcine,VALLORCINE,46.03240057345807,6.932883996112776
Gare de Chamonix-Mont-Blanc,CHAMONIX-MONT-BLANC,45.92246907642051,6.873950536358757
Gare de Mons,ATHIS-MONS,48.712330158604146,2.403057100868732
Gare de Brive-la-Gaillarde,BRIVE-LA-GAILLARDE,45.15212435536527,1.528412956598483
Gare de Ussel,USSEL,45.557468511900595,2.314468195874998
Gare de Le Creusot,ECUISSES,46.765214479645465,4.500111834654999
Gare de Montchanin,ECUISSES,46.765214479645465,4.500111834654999
Gare de Tende,TENDE,44.08988893464372,7.594321708601798
Gare de Breil-sur-Roya,BREIL-SUR-ROYA,43.944432082643296,7.516574264591072
Gare de Annemasse,ANNEMASSE,46.198937869589535,6.235286072333115
Gare de Decize,DECIZE,46.837443130299,3.467498543898969
Gare de Thonon-les-Bains,THONON-LES-BAINS,46.369193044334956,6.482718549845309
Gare de La Roche-sur-Foron,LA ROCHE-SUR-FORON,46.06749064106157,6.303725828021828
Gare de Forbach,FORBACH,49.189473137383715,6.901095783296949
Gare de Metz-Ville,METZ,49.10898911419044,6.177442838036328
Bitche,BITCHE,49.04890017752387,7.476102114611837
Gare de Haguenau,HAGUENAU,48.81001209128774,7.782988818634522
Gare de Niederbronn,NIEDERBRONN-LES-BAINS,48.952343834316274,7.633761577554735
Bitche-Camp,BITCHE,49.04890017752387,7.476102114611837
Gare de Strasbourg,STRASBOURG,48.58287025491014,7.731594953278417
Gare de Wissembourg,WISSEMBOURG,49.03147863013146,7.95053463848673
Gare de Saverne,SAVERNE,48.74464267560709,7.362064585704122
Gare de Ingwiller,INGWILLER,48.872010852923545,7.47674515511438
Gare de Obermodern,OBERMODERN-ZUTZENDORF,48.84250786767418,7.547027621205904
Gare de Sélestat,SELESTAT,48.2606544212921,7.442441424608559
Gare de Benfeld,BENFELD,48.373645029444205,7.584028888287825
Gare de Colmar,COLMAR,48.075310117840175,7.349087420944785
Gare de Raedersheim,RAEDERSHEIM,47.88708451932602,7.284060687731498
Gare de Mommenheim,MOMMENHEIM,48.75567060940308,7.642507551665085
Gare de Diemeringen,DIEMERINGEN,48.94096956044831,7.185182476605121
Gare de Sarreguemines,SARREGUEMINES,49.10675765152767,7.068669692711919
Gare de Wingen-sur-Moder,WINGEN-SUR-MODER,48.92008500247013,7.381540309334985
Gare de Lutzelbourg,LUTZELBOURG,48.729846888344916,7.251833009492623
Gare de Kruth,KRUTH,47.923391148754874,6.969472921578649
Gare de Mulhouse,MULHOUSE,47.74231193714302,7.344146636981515
Gare de Thann,THANN,47.80905151571365,7.106968882212065
Gare de Wesserling,FELLERING,47.889893218166925,6.997713951654126
Gare de Metzeral,METZERAL,48.01357036107344,7.073476717323556
Gare de Lauterbourg,LAUTERBOURG,48.96716996582567,8.182587532363396
Gare de Roeschwoog,RSCHWOOG,48.83365122600304,8.029855501245246
Gare de Barr,NAINTRE,46.75941618239306,0.496188527794818
Gare de Molsheim,MOLSHEIM,48.53746862797946,7.500117588274114
Gare de Rothau,ROTHAU,48.45922303173024,7.207432343690648
Gare de Saales,SAALES,48.347294703282934,7.110880725329616
Gare de Altkirch,ALTKIRCH,47.62717228998658,7.23977513679141
Gare de Montreux-Vieux,MONTREUX-VIEUX,47.618038564834976,7.026212962770893
Gare de St-Dié-des-Vosges,SAINT-DIE-DES-VOSGES,48.28142701610043,6.950498210083727
Gare de Montluçon-Ville,MONTLUCON,46.33767237806594,2.596196458997838
Laqueuille,SAINT-JULIEN-PUY-LAVEZE,45.647048413768054,2.704853505428261
Gare de Clermont-Ferrand,CLERMONT-FERRAND,45.778499049968005,3.100379197092955
Gare de Gannat,GANNAT,46.097617863456954,3.204865220044901
Gare de Riom-Châtel-Guyon,RIOM,45.88996059116421,3.121138530418133
Gare de Aurillac,AURILLAC,44.92128287269628,2.436202111452767
Gare de St-Denis-près-Martel,SAINT-DENIS-LES-MARTEL,44.94571803823343,1.666495861437176
Gare de Capdenac,CAPDENAC-GARE,44.57865477582681,2.077408214377482
Gare de Vichy,VICHY,46.12683921223093,3.43072483612765
Gare de Thiers,THIERS,45.86120498207434,3.543281416041616
Gare de Le Puy-en-Velay,LE PUY-EN-VELAY,45.04371964956138,3.894211678987385
Gare de Arvant,BOURNONCLE-SAINT-PIERRE,45.365318541611714,3.31053930071958
Gare de Moulins-sur-Allier,MOULINS,46.56123451905579,3.339184600895671
Gare de Volvic,VOLVIC,45.86777595338548,2.99867906229565
Gare de St-Amand-Montrond-Orval,ORVAL,46.72643246817583,2.485791477260844
Gare de Vertaizon,VERTAIZON,45.784639879943335,3.288416384375966
Gare de St-Chély-d'Apcher,SAINT-CHELY-D'APCHER,44.80169452565202,3.270797800665272
Gare de Neussargues,NEUSSARGUES EN PINATELLE,45.12527901420377,2.979124325577049
Gare de St-Flour-Chaudes-Aigues,SAINT-FLOUR,45.03497152028242,3.106143478141462
Gare de Brioude,BRIOUDE,45.300607050091536,3.378735969942512
Gare de Langeac,LANGEAC,45.10107825695581,3.490565120059909
Gare de St-Georges-d'Aurac,MAZEYRAT-D'ALLIER,45.16047357280196,3.494734866149104
Gare de Pont-de-Dore,PESCHADOIRES,45.84281840911178,3.490208779623193
Gare de Issoire,ISSOIRE,45.54410777430989,3.254208169172224
Gare de Vic-le-Comte,VIC-LE-COMTE,45.66492815795635,3.206926245053712
Gare de Cercy-la-Tour,CERCY-LA-TOUR,46.857803247890246,3.644990367153794
Gare de Autun,AUTUN,46.95495665067907,4.292902253657597
Gare de St-Pierre-le-Moûtier,SAINT-PIERRE-LE-MOUTIER,46.79333350532142,3.111442056711583
Gare de Paray-le-Monial,PARAY-LE-MONIAL,46.44698018163388,4.113797115799167
Gare de Digoin,DIGOIN,46.4852517882021,3.988008620648722
Gare de Lozanne,LOZANNE,45.854168191225845,4.682685080122432
Gare de Louhans,LOUHANS,46.6314307065044,5.215956085594542
Gare de Seurre,SEURRE,46.99638971386293,5.151257335475762
Gare de Bourg-en-Bresse,BOURG-EN-BRESSE,46.19572681480001,5.216110623445346
Gare de Auxerre-St-Gervais,AUXERRE,47.79761112367383,3.585464507772017
Gare de Avallon,AVALLON,47.49583531306605,3.912692787059527
Gare de Clamecy,CLAMECY,47.46498987618404,3.518567941517941
Gare de Corbigny,CORBIGNY,47.25489222994257,3.677184737926491
Gare de Lorient,LORIENT,47.75512114124836,-3.366289623776526
Gare de Quimperlé,QUIMPERLE,47.869309994444535,-3.552988951161868
Châteaubriant,CHATEAUBRIANT,47.717011948752074,-1.371399146393917
Gare de Janzé,JANZE,47.955335981987055,-1.49783796227674
Gare de Retiers,RETIERS,47.91327245102402,-1.389795493132067
Gare de Dinan,DINAN,48.45702207710471,-2.053387664537875
Gare de Dol,DOL-DE-BRETAGNE,48.5438989124489,-1.74987248932575
Gare de Valençay,VALENCAY,47.163082483538474,1.558500011171631
Gare de Salbris,SALBRIS,47.428382293574955,2.046734161195332
Gare de Faubourg-d'Orléans,ROMORANTIN-LANTHENAY,47.366833345124405,1.740234225606201
Gare de Châlons-en-Champagne,CHALONS-EN-CHAMPAGNE,48.95527794985203,4.348974315249643
Gare de Verdun,VERDUN-SUR-LE-DOUBS,46.890138232320346,5.024560603306501
Gare de St-Dizier,SAINT-DIZIER,48.642857708823314,4.946931424939272
Gare de Vitry-le-François,VITRY-LE-FRANCOIS,48.71778308956657,4.587514744819615
Gare de Joinville,JOINVILLE,48.44433716708518,5.144114026022076
Gare de Chaumont,VEUZAIN-SUR-LOIRE,47.49181168698501,1.186124412116244
Gare de Troyes,TROYES,48.29576700034289,4.064917895591246
Gare de Bar-sur-Aube,BAR-SUR-AUBE,48.23856610507349,4.707058954282401
Gare de Vendeuvre (Aube),VENDEUVRE-SUR-BARSE,48.24030146833951,4.46747259924721
Gare de St-Florentin-Vergigny,VERGIGNY,47.980410691581746,3.730960975499897
Gare de Laroche-Migennes,MIGENNES,47.96101462319648,3.511453668444495
Gare de Romilly-sur-Seine,ROMILLY-SUR-SEINE,48.513931997995826,3.728722213291402
Gare de Nogent-sur-Seine,NOGENT-SUR-SEINE,48.49804814623097,3.493949146077137
Gare de Charleville-Mézières,CHARLEVILLE-MEZIERES,49.768366315516765,4.725628702138134
Gare de Hirson,HIRSON,49.92932208305819,4.086000106405374
Gare de Fismes,FISMES,49.31092384327646,3.682512960005394
Gare de Reims,REIMS,49.22331127474224,4.103140399912199
Gare de Aillevillers,CORBENAY,47.909720094017686,6.332728777672446
Gare de Lure,LURE,47.6829617248573,6.492761832761009
Gare de Le Valdahon,VALDAHON,47.149816892748554,6.34238015058726
Gare de Mouchard,MOUCHARD,46.9766808890851,5.800839231869734
Gare de Lons-le-Saunier,LONS-LE-SAUNIER,46.66835586803146,5.550572824137999
Gare de Poligny,POLIGNY,46.84340300087306,5.699030876701165
Gare de Champagnole,CHAMPAGNOLE,46.749442278854836,5.910072631614371
Gare de Andelot,ANDELOT-EN-MONTAGNE,46.8584024088421,5.920846203868465
Gare de Alès,ALES,44.13162129695281,4.081017235029589
Gare de Nîmes,MANDUEL,43.81678434080806,4.507722679137596
Gare de La Bastide-St-Laurent,LA BASTIDE-PUYLAURENT,44.59267783357963,3.903831857199111
Gare de Langogne,LANGOGNE,44.73268355112731,3.857480960432029
Gare de Mende,MENDE,44.52241170756253,3.501918908967538
Gare de Millau,MILLAU,44.102428225009724,3.07437667979391
Gare de Marvejols,MARVEJOLS,44.54467010094681,3.281142663772214
Gare de Carcassonne,CARCASSONNE,43.21826921559891,2.352986949598741
Quillan,QUILLAN,42.873609277848715,2.181744509481686
Gare de Limoux,LIMOUX,43.05646966541196,2.223087178016785
Gare de Bédarieux,BEDARIEUX,43.605074083118474,3.147606955268796
Gare de Béziers,BEZIERS,43.336016861538425,3.21957141341165
Gare de Guéret,GUERET,46.17423336193868,1.879372546235722
Gare de Tulle,TULLE,45.25794001504676,1.757424216511593
Gare de Meymac,MEYMAC,45.53002999690653,2.163697861677172
Gare de Nancy-Ville,NANCY,48.689702404399846,6.174101796891322
Mirecourt,MIRECOURT,48.299854954820624,6.12914077829477
Gare de Contrexéville,CONTREXEVILLE,48.179604336817256,5.89060025319197
Gare de Vittel,VITTEL,48.202635169665676,5.942242226000524
Gare de Sarrebourg,SARREBOURG,48.73844492124301,7.051941434650432
Gare de Longuyon,LONGUYON,49.44444504384556,5.604711003477768
Gare de Longwy,LONGWY,49.51259328578975,5.769720766879925
Gare de Montmédy,MONTMEDY,49.523093923192405,5.371700640274836
Gare de Morhange,MORHANGE,48.936755008072495,6.659189552261831
Gare de Rémilly,REMILLY,49.01480004894034,6.394501274463497
Gare de Neufchâteau,NEUFCHATEAU,48.35823429538989,5.690054119401399
Gare de Toul,TOULOUSE,43.610699417180236,1.454396139877268
Gare de Thionville,THIONVILLE,49.35372508468278,6.169815044691961
Bouzonville,BOUZONVILLE,49.289873677431316,6.529139172868558
Gare de Arches,ARCHES,48.118891443373464,6.531059250884853
Sarre-Union,SARRE-UNION,48.93586133744758,7.084947036223359
Sarralbe,SARRALBE,49.00077683351729,7.036295700186401
Keskastel,KESKASTEL,48.965393607993505,7.049041898103694
Gare de Bar-le-Duc,BAR-LE-DUC,48.77367615307599,5.167193337889746
Gare de Revigny,REVIGNY-SUR-ORNAIN,48.82402651318643,4.985835511229858
Gare de Conflans-Jarny,JARNY,49.16651011869569,5.868172604185876
Gare de Pagny-sur-Moselle,PAGNY-SUR-MOSELLE,48.98510340981501,6.025497729995879
Gare de Figeac,FIGEAC,44.60412369594922,2.036038501644137
Gare de Gramat,GRAMAT,44.77346913309101,1.722316178276392
Gare de Mazamet,MAZAMET,43.497891075793675,2.374807435653445
Gare de Toulouse-Matabiau,TOULOUSE,43.610699417180236,1.454396139877268
Gare de Muret,MURET,43.46395527124194,1.323643762604224
Gare de Pau,LYON,45.766349841169024,4.825581871273259
Gare de Agen,AGEN,44.208341089900124,0.621048372800292
Gare de Castelsarrasin,CASTELSARRASIN,44.040377168183305,1.114613458170613
Gare de Longages-Noé,LONGAGES,43.35551025680668,1.251678243211147
Gare de Ax-les-Thermes,AX-LES-THERMES,42.724771434731764,1.83346662646096
Gare de Foix,FOIX,42.96964899731326,1.606884171012564
Gare de Pamiers,PAMIERS,43.116113187989036,1.619598176044641
Luchon,BAGNERES-DE-LUCHON,42.79727275671695,0.596736402237768
Gare de Souillac,SOUILLAC,44.90233983892782,1.466052524801962
Wambrechies,WAMBRECHIES,50.681308286743814,3.040106535159674
Gare de Abbeville,ABBEVILLE,50.1019712052704,1.824299979139242
Gare de Rue,RUEIL-MALMAISON,48.88731358907528,2.171546746602271
Gare de Lens,AVION,50.42324507192143,2.834951582378574
Gare de Avesnes,AVESNES-SUR-HELPE,50.126510256624066,3.933691932159471
Gare de Arras,ARRAS,50.28670060943111,2.781877763520992
Gare de Douai,DOUAI,50.37461380619924,3.090940541981852
Gare de Hazebrouck,HAZEBROUCK,50.72516743755126,2.541608461495844
Gare de Busigny,BUSIGNY,50.03964988498478,3.445911192196971
Gare de Coutances,COUTANCES,49.04267183815639,-1.441506759827911
Gare de Lison,MOON-SUR-ELLE,49.22701298358082,-1.0501862750213
Gare de Flers,FLERS,48.7443263394735,-0.573534215608868
Gare de Briouze,BRIOUZE,48.7020274482753,-0.367459914839763
Gare de Alençon,ALENCON,48.43935805136752,0.098202852249119
Gare de Surdon,LE CHATEAU-D'ALMENECHES,48.6650290278175,0.13455840966973
Gare de L'Aigle,L'AIGLE,48.7665705811492,0.62003780324875
Gare de Lisieux,LISIEUX,49.13876009162189,0.231547783801508
Gare de Dives-Cabourg,DIVES-SUR-MER,49.28657302870108,-0.10768360318535
Gare de Serquigny,SERQUIGNY,49.107763354771386,0.719637105595776
Gare de Rennes,RENNES,48.10311582578676,-1.672881285302788
Gare de Bréauté-Beuzeville,BREAUTE,49.60345308049904,0.416915530228295
Gare de Fécamp,FECAMP,49.75946346406018,0.373905831468864
Gare de Mantes-la-Jolie,MANTES-LA-JOLIE,48.98944102486203,1.703121757851209
Gare de Nantes,NANTES,47.226238868091336,-1.518765979566461
Gare de St-Gilles-Croix-de-Vie,SAINT-GILLES-CROIX-DE-VIE,46.696491785801165,-1.941609608187195
Gare de Cholet,CHOLET,47.06618658131302,-0.870296423545569
Gare de Clisson,CLISSON,47.08599734750532,-1.28640768160279
Gare de Albert,ALBERT,50.00586126934948,2.644582576895565
Gare de Creil,CREIL,49.26433696531956,2.469338512801428
Gare de Ribécourt,RIBECOURT-DRESLINCOURT,49.50611181790263,2.92742032150137
Gare de Tergnier,TERGNIER,49.65939608333372,3.296711314334675
Gare de Poitiers,POITIERS,46.582364264631224,0.332786866293225
Gare de Mauzé,MAUZE-SUR-LE-MIGNON,46.19973329084157,-0.673751780430037
Gare de Niort,BEAUVOIR-SUR-NIORT,46.17676200989479,-0.468771957598848
Gare de Prissé-la-Charrière,PLAINE-D'ARGENSON,46.15267068098848,-0.493543774892709
Gare de Bressuire,BRESSUIRE,46.838197837633324,-0.496189535231726
Gare de Saumur,SAUMUR,47.268670793243174,-0.071468930477049
Gare de Thouars,THOUARS,46.98498345202708,-0.207430288469058
Gare de La Roche-sur-Yon,LA ROCHE-SUR-YON,46.67211489091913,-1.435831476322877
Gare de Valence-TGV,ALIXAN,44.99274215354382,4.978549257404847
Gare de St-André-le-Gaz,SAINT-ANDRE-LE-GAZ,45.543937042220996,5.52473658763692
Gare de Lyon-Gorge-de-Loup,LYON,45.765956329548665,4.804524590633849
Gare de Lamure-sur-Azergues,LAMURE-SUR-AZERGUES,46.061052469157644,4.492313405103372
Gare de Die,DIEPPE,49.92140470001331,1.080970042677288
Gare de Luc-en-Diois,LUC-EN-DIOIS,44.61403808852461,5.454832629017519
Gare de Moûtiers-Salins-Brides,MOUTIERS,45.48649045265134,6.531548657040216
Gare de Bonneville,BONNEVILLE,46.07750965493744,6.416534807530288
Gare de Oyonnax,OYONNAX,46.25955306243293,5.653142488148597
Gare de Pont-de-Beauvoisin,LE PONT-DE-BEAUVOISIN,45.52445093925393,5.68069980711602
Gare de St-Brieuc,SAINT-BRIEUC,48.50719098335715,-2.764962751496382
Gare de Lamballe,LAMBALLE-ARMOR,48.46607846756016,-2.505846671460811
Gare de Franois,FRANOIS,47.22558033049808,5.93184604552049
Gare de St-Vit,SAINT-VIT,47.18364756351096,5.808992872887933
Gare de Auxonne,TILLENAY,47.19256610539127,5.377225055529029
Gare de Villers-les-Pots,VILLERS-LES-POTS,47.206438928878384,5.348341966349595
Gare de Neuilly-lès-Dijon,NEUILLY-CRIMOLOIS,47.281633488275936,5.11098084105131
Gare de St-Rambert-en-Bugey,SAINT-RAMBERT-EN-BUGEY,45.947525236632266,5.439242836530275
Gare de Virieu-le-Grand-Belley,VIRIEU-LE-GRAND,45.84924199087159,5.654725980428987
Gare de Boën,BOEN-SUR-LIGNON,45.74124081414264,4.004874632380937
Noirétable,NOIRETABLE,45.81601494704283,3.761191342112098
Gare de Montbrison,MONTBRISON,45.60453350000632,4.078542943275632
Gare de Mâcon-Loché-TGV,MACON,46.282781818897995,4.778443228894927
Gare de La Tour-du-Pin,LA TOUR-DU-PIN,45.55994702648007,5.450451660635005
Gare de Clelles-Mens,CLELLES,44.82699348583543,5.605804968359903
Gare de Vif,VIF,45.047842612022485,5.684607331796149
Gare de Sain-Bel,SAIN-BEL,45.81131820303853,4.601696786719716
Gare de St-Pierre-d'Albigny,SAINT-PIERRE-D'ALBIGNY,45.557165151897564,6.156333740100027
Gare de St-Priest,SAINT-PRIEST-TAURION,45.887222335894755,1.400669819851664
Gare de Villefranche-sur-Saône,VILLEFRANCHE-SUR-SAONE,45.984560816448536,4.721077121771563
Gare de Rives,RIVESALTES,42.7663405557871,2.867751282195064
Gare de Culoz,CULOZ,45.84323198229851,5.778956896160888
Gare de Feurs,FEURS,45.74406891460365,4.230653566369019
Gare de Albens,ENTRELACS,45.7859312754352,5.948601658434074
Gare de Rumilly,RUMILLY,45.862896285726,5.948156673869637
Gare de Sérézin,SEREZIN-DU-RHONE,45.6272306552306,4.81781390682531
Gare de Montmélian,MONTMELIAN,45.50280071843924,6.043157170937188
Gare de Chinon,CHATEAU-CHINON (CAMPAGNE),47.07185440026569,3.926178092229213
Gare de Château-du-Loir,MONTVAL-SUR-LOIR,47.68295549546014,0.415045923178714
Gare de Courtalain-St-Pellerin,COMMUNE NOUVELLE D'ARROU,48.07356453513559,1.126829727299309
Gare de Brou,BROUE,48.7683066391684,1.513661379138585
Gare de Vendôme,VENDOME,47.80265990529335,1.071443262417307
Gare de Gien,GIEN,47.698878641555325,2.636757350624025
Gare de Cosne-sur-Loire,COSNE-COURS-SUR-LOIRE,47.413901352730996,2.932260348665754
nan,VERGEZE,43.73977946287461,4.219113329716423
Gare de Issoudun,ISSOUDUN,46.95199502559162,1.987487716284132
Gare de Nouan-le-Fuzelier,NOUAN-LE-FUZELIER,47.53653451675315,2.032486738063988
Gare de Lamotte-Beuvron,LAMOTTE-BEUVRON,47.595988032342866,2.021745208670846
Gare de Argenton-sur-Creuse,ARGENTON-SUR-CREUSE,46.59453944164937,1.516130340379536
Gare de Loches,LOCHES,47.13040196262713,1.000978884791213
Buzançais,BUZANCAIS,46.88814364076068,1.416597864519496
Clion-sur-Indre,CLION,46.945200927145365,1.238724741367318
Gare de Cormery,CORMERY,47.262355610205645,0.833829755804239
Gare de La Douzillère,JOUE-LES-TOURS,47.33866140621093,0.653001386682489
Gare de Montbazon,MONTBAZON,47.2917127564174,0.721463142318136
Gare de Esvres,ESVRES,47.28412187786619,0.781573759630258
Gare de Veigné,VEIGNE,47.2915030694559,0.734442350054996
Gare de Limeray,LIMERAY,47.449959732029555,1.049591664944878
Gare de Châteaudun,CHATEAUDUN,48.07318380474969,1.338379095861212
Gare de Dourdan,DOURDAN,48.535580626314264,1.99656893003959
Gare de Château-Renault,CHATEAU-RENAULT,47.58783274114799,0.901441463891866
Gare de Lunéville,LUNEVILLE,48.587861328669135,6.496866085845141
Gare de Remiremont,REMIREMONT,48.016831250313956,6.598352080436954
Gare de Audun-le-Roman,AUDUN-LE-ROMAN,49.366590157042125,5.89146426804764
Gare de Marle-sur-Serre,MARLE,49.747095639143836,3.769775758748804
Gare de Verneuil-sur-Serre,VERNEUIL-SUR-SERRE,49.64702811623633,3.666258430210547
Gare de Fougères,PLEINE-FOUGERES,48.52990705222532,-1.565841005726765
Gare de Grasse,GRASSE,43.65432174693225,6.927538788698524
Gare de Menton,MENTON,43.773815736196276,7.492432887755912
Gare de Cannes-la-Bocca,CANNES,43.548516438796405,6.986019723034477
Gare de Cannes,CANNES,43.55401070550098,7.018725988316509
Gare de Perpignan,PERPIGNAN,42.69621526112407,2.879350450581682
Gare de Port-Bou,CHOUZE-SUR-LOIRE,47.24866027519581,0.155650519136053
Gare de Narbonne,NARBONNE,43.193210182808116,3.008786200782202
Gare de Montpellier-St-Roch,MONTPELLIER,43.606091075648855,3.882757509959065
Gare de Munster,MUHLBACH-SUR-MUNSTER,48.02448731356157,7.087636083352972
Gare de Erstein,ERSTEIN,48.42329588472855,7.638508175326063
Gare de Bayonne,BAYONNE,43.49694782534664,-1.47066304089878
Gare de Puyoô,PUYOO,43.5244736658064,-0.910387223324467
Gare de Mont-de-Marsan,MONT-DE-MARSAN,43.884703935113855,-0.504121478227996
Gare de Morcenx,MORCENX-LA-NOUVELLE,44.03398052873855,-0.908365475875456
Gare de Bordeaux-St-Jean,BORDEAUX,44.82592310199666,-0.555977516187792
Gare de Lesparre,LESPARRE-MEDOC,45.3035111303514,-0.945384784475426
Gare de Pauillac,PAUILLAC,45.20382280173109,-0.755104732531348
Gare de Dax,DAX,43.72090050902884,-1.050345245238319
Gare de Lourdes,LOURDES,43.1005627762626,-0.041994186851452
Gare de Tarbes,TARBES,43.24030670511259,0.069345942402883
Gare de Arcachon,ARCACHON,44.65884069382592,-1.165311959015783
Gare de Périgueux,PERIGUEUX,45.1783264292531,0.733658993091061
Gare de Condat-le-Lardin,LE LARDIN-SAINT-LAZARE,45.12665773700414,1.226449372516202
Gare de Bedous,BEDOUS,42.99417774381658,-0.60400220402708
Gare de Oloron-Ste-Marie,OLORON-SAINTE-MARIE,43.19475600274593,-0.612202258968699
Gare de Bidos,BIDOS,43.1807912540399,-0.608394318244008
Gare de St-Jean-Pied-de-Port,SAINT-JEAN-PIED-DE-PORT,43.168113297949574,-1.238621645776675
Gare de Cambo-les-Bains,CAMBO-LES-BAINS,43.365557931703904,-1.396682419231188
Gare de Hendaye,HENDAYE,43.35333854323205,-1.782112120122545
Gare de Bergerac,BERGERAC,44.857181326922856,0.489255942648414
Gare de Libourne,LIBOURNE,44.915671649178236,-0.235979210477964
Gare de Sarlat,SARLAT-LA-CANEDA,44.877475178977484,1.218473948248141
Gare de Langon,LANGON,47.72981320741973,-1.85113562171165
Gare de Monsempron-Libos,MONSEMPRON-LIBOS,44.48811150501302,0.943445225212706
Gare de Commentry,COMMENTRY,46.29526841600905,2.740155183201145
Gare de Firminy,FIRMINY,45.391743119984376,4.286141834084134
Gare de Vorey,VOREY,45.183917174735306,3.910845069786845
Gare de Tonnerre,TONNERRE,47.859875894349855,3.97262297445225
Gare de Montereau,MONTEREAU-FAULT-YONNE,48.37977615028311,2.941286736785207
Gare de Is-sur-Tille,MARCILLY-SUR-TILLE,47.52023448752397,5.129777870847223
Gare de Dijon-Porte-Neuve,DIJON,47.32281333200016,5.055292593964804
Gare de Les Laumes-Alésia,VENAREY-LES-LAUMES,47.54338010556078,4.461798665909546
Gare de Chagny,CHAGNY,46.90748655578193,4.748453193367109
Gare de Vesoul,VESOUL,47.61752703527606,6.152073277180682
Gare de Besançon-Franche-Comté,LES AUXONS,47.30876474795409,5.956208298209646
Gare de Vitré,VITRE,48.12252933513193,-1.212365535123974
Gare de Montauban-de-Bretagne,MONTAUBAN-DE-BRETAGNE,48.19003805004627,-2.052807491308817
Gare de Messac-Guipry,GUIPRY-MESSAC,47.82231315304846,-1.818552894324703
Gare de Vannes,VANNES,47.66520979265519,-2.752403881216251
Gare de Redon,ENSUES-LA-REDONNE,43.33435329028057,5.197596789801643
Gare de Beslé,GUEMENE-PENFAO,47.69932007739704,-1.870113281883948
Gare de Quimper,QUIMPER,47.9948237414113,-4.092232861763613
Gare de Rosporden,ROSPORDEN,47.96043275687294,-3.832439579925806
Gare de Brest,BREST,48.3879297952412,-4.479243011743669
Gare de Morlaix,MORLAIX,48.577981731174525,-3.832477837161316
Gare de Landerneau,LANDERNEAU,48.45374715117324,-4.256576427625531
Gare de La Forest,LA FOREST-LANDERNEAU,48.42635046201861,-4.307191186412101
Gare de Lannion,LANNION,48.72722615858606,-3.460362272489274
Gare de Guingamp,GUINGAMP,48.55551057499482,-3.143272301851309
Gare de Carhaix,CARHAIX-PLOUGUER,48.27645974077854,-3.563916929202896
Gare de Port-de-Piles,LA CELLE-SAINT-AVANT,47.01026205394025,0.5986678528766
Gare de Châteauroux,CHATEAUROUX,46.810961807288315,1.703183637265524
Gare de Toury,TOURY,48.19237858487703,1.939384579321158
Gare de Port-Boulet,CHOUZE-SUR-LOIRE,47.24866027519581,0.155650519136053
Gare de Château-Gaillard,SANTILLY,48.140442250309974,1.912264497709663
Gare de La Verrière,LA VERRIERE,48.75545694012282,1.94386690800612
Gare de Versailles-Chantiers,VERSAILLES,48.79551512858427,2.136152834267719
Gare de Givet,GIVET,50.14091292925688,4.817813644678012
Gare de Nouzonville,NOUZONVILLE,49.81253486383028,4.742258644137013
Gare de Sedan,SEDAN,49.69486281823431,4.930282526719133
Gare de Rethel,RETHEL,49.50463379393168,4.370261280952036
Gare de Laon,CHIVRES-EN-LAONNOIS,49.6374775282422,3.841926936066483
Gare de Château-Thierry,CHATEAU-THIERRY,49.03782614971172,3.409738322821553
Gare de Dormans,DORMANS,49.079124214613664,3.641732540154304
Gare de Epernay,EPERNAY,49.04641786994185,3.960087913233235
Gare de Culmont-Chalindrey,CHALINDREY,47.80846651260561,5.445906370699546
Gare de Cerbère,CERBERE,42.44222906253806,3.164658104570377
Gare de Le Grau-du-Roi,LE GRAU-DU-ROI,43.53706983053373,4.140573057483806
Gare de Vauvert,VAUVERT,43.69506047010821,4.270078432371114
Gare de Castelnaudary,CASTELNAUDARY,43.31204447696695,1.951212109755117
Gare de Génolhac,GENOLHAC,44.34727687339248,3.95165351149943
Gare de Limoges-Bénédictins,LIMOGES,45.83756066577441,1.269103246802025
Gare de Le Dorat,LE DORAT,46.21097510473997,1.079358669207679
Gare de Saillat-Chassenon,SAILLAT-SUR-VIENNE,45.86954035138914,0.811741675479887
Pompadour,MAISONS-ALFORT,48.78937656944345,2.431870867939859
Gare de Nexon,NEXON,45.68907647955986,1.178309543374612
Gare de Objat,OBJAT,45.26471287539302,1.406828483895449
Gare de Pont-St-Vincent,PONT-SAINT-VINCENT,48.60210347594136,6.103442518555855
Gare de Baroncourt,DOMMARY-BARONCOURT,49.27994118456005,5.70521469970164
Gare de Hagondange,MONDELANGE,49.25530911597803,6.164236514687637
Gare de Liverdun,LIVERDUN,48.749287127156066,6.061793518753852
Gare de Rodez,RODEZ,44.36265275693039,2.580264604321567
Gare de Castres,CASTRES,43.599117635871735,2.231152059073858
Gare de Tessonnières,GAILLAC,43.92872774567249,1.937882599131063
Gare de Auch,LE PARCQ,50.39244422062563,2.089690868436807
Gare de Colomiers,COLOMIERS,43.61645499022699,1.314098348719947
Gare de Montauban-Ville-Bourbon,MONTAUBAN,44.014195331668475,1.341127241507155
Gare de Cahors,CAHORS,44.448526304213885,1.432889963232879
Gare de Boussens,BOUSSENS,43.1790743815484,0.97176452643156
Gare de Valenciennes,VALENCIENNES,50.3659654003862,3.518515366298679
Gare de Jeumont,JEUMONT,50.296319092273265,4.086856778953874
Gare de Dunkerque,DUNKERQUE,51.034645417513985,2.364678910284624
Gare de La Rochelle-Ville,LA ROCHELLE,46.15542617140306,-1.140831956307869
Gare de Angers-St-Laud,ANGERS,47.46436992000471,-0.556795220842896
Gare de Sablé-sur-Sarthe,SABLE-SUR-SARTHE,47.84190816391401,-0.342065559620856
Gare de Connerré-Beillé,BEILLE,48.07384329531561,0.486966663978344
Gare de Laval,LAVAL,48.07634359710921,-0.760858912745977
Gare de Persan-Beaumont,PERSAN,49.14827872914821,2.2787859638815
Gare de Abancourt,ABANCOURT,49.68552581891906,1.774495414204267
Gare de Angoulême,ANGOULEME,45.65364279345685,0.16414524722233
Gare de Saintes,SAINTES,45.74784035534782,-0.617587884909049
Gare de Rochefort,ROCHEFORT,45.94746632056426,-0.963548062025048
Gare de St-Mariens-St-Yzan,SAINT-YZAN-DE-SOUDIAC,45.13925731428566,-0.391511404296322
Gare de Royan,ROYAN,45.625725605213496,-1.016368194834231
Gare de Toulon,TOULON,43.12858683541123,5.929717733657508
Gare de St-Raphaël-Valescure,SAINT-RAPHAEL,43.42366684812933,6.769239761566718
Gare de Sospel,SOSPEL,43.876482570997105,7.453890137493691
Gare de Miramas,MIRAMAS,43.58092507982593,4.999682893584165
Gare de Gardanne,GARDANNE,43.456060550262265,5.463066937600604
Gare de Sisteron,SISTERON,44.189706319323065,5.947047136823874
Gare de Martigues,MARTIGUES,43.38757957683079,5.02505864722024
Gare de Chedde,PASSY,45.92632023306807,6.719875125684913
Gare de Krimmeri-Meinau,STRASBOURG,48.56391789468617,7.752139972162632
Gare de Obernai,OBERNAI,48.462123658357406,7.48911643635272
Gare de Willer-sur-Thur,WILLER-SUR-THUR,47.84285171581116,7.069077935970574
Gare de Champagne-Ardenne,BEZANNES,49.21368002011414,3.995694331850647
Gare de Béthune,BETHUNE,50.52096325189027,2.640474750045827
Gare de Tourcoing,TOURCOING,50.71667041877195,3.168343953703257
Gare de Clermont-de-l'Oise,CLERMONT,49.38565247605914,2.417217353304942
Gare de Crépy-en-Valois,CREPY-EN-VALOIS,49.2311545881536,2.888407747778651
Gare de Vernon-Giverny,VERNON,49.09116847125959,1.478464031558935
Gare de Oissel,TOURVILLE-LA-RIVIERE,49.33119425728721,1.102929525618696
Gare de Montivilliers,MONTIVILLIERS,49.54285747182162,0.189389053119932
Gare de Rolleville,ROLLEVILLE,49.58159247227933,0.216204124828113
Gare de Elbeuf-St-Aubin,SAINT-AUBIN-LES-ELBEUF,49.30276778901842,1.010400781169662
Gare de Yvetot,YVETOT,49.62220857990937,0.750127475011409
Gare de Bueil,BUEIL,48.92525667181215,1.443548500372645
Gare de St-Lô,SAINT-LO,49.11459815333768,-1.102947178681673
Gare de Montreuil-sur-Ille,MONTREUIL-SUR-ILLE,48.30717693651349,-1.674339055361978
Gare de St-Malo,SAINT-MALO,48.6465302973296,-2.004051313466777
Gare de Plouaret-Trégor,PLOUARET,48.60650640608806,-3.470755997826093
Gare de Callac,CALLAC,48.40682753963829,-3.418548488597128
Gare de Paimpol,PAIMPOL,48.77663514565281,-3.046020468525522
Gare de La Brohinière,MONTAUBAN-DE-BRETAGNE,48.21346883098549,-2.110477930274493
Gare de Le Croisic,LE CROISIC,47.28976224201512,-2.506895318720328
Gare de St-Nazaire,SAINT-HILAIRE-DU-ROSIER,45.07152379259458,5.243897687873892
Gare de Savenay,SAVENAY,47.36010266399474,-1.955747890137427
Gare de Les Sables-d'Olonne,LES SABLES-D'OLONNE,46.500180558548664,-1.781633342822514
Gare de Chantonnay,CHANTONNAY,46.689994258210525,-1.054627026221548
Gare de Ste-Pazanne,SAINTE-PAZANNE,47.10556403817486,-1.813772952906982
Gare de Pornic,PORNICHET,47.27066127767772,-2.344704844934861
Gare de Ancenis,ANCENIS-SAINT-GEREON,47.36947278885225,-1.177773136553876
Gare de Nort-sur-Erdre,NORT-SUR-ERDRE,47.44185260156143,-1.503440199165114
Gare de Reignac,REIGNAC-SUR-INDRE,47.21779355348433,0.901297777319716
Gare de Voves,LES VILLAGES VOVEENS,48.27526357999237,1.622213913307437
Gare de Bléré-la-Croix,LA CROIX-EN-TOURAINE,47.33784724899481,0.987842992120873
Gare de St-Aignan-Noyers,NOYERS-SUR-CHER,47.286872202760776,1.383978378399166
Gare de Coutras,COUTRAS,45.03671730971117,-0.13140472065511
Gare de Mussidan,SAINT-MEDARD-DE-MUSSIDAN,45.03454481999586,0.353907886033932
Gare de Le Buisson,LE BUISSON-DE-CADOUIN,44.848771810933265,0.902142866488522
Gare de Pessac,PESSAC,44.80432882276649,-0.631981201223286
Gare de Macau,MACAU,45.00404192885203,-0.619909739661089
Gare de Marmande,MARMANDE,44.503203095516575,0.168080472582615
Gare de St-Junien,SAINT-JUNIEN,45.88137862112438,0.900404655614266
Gare de La Souterraine,LA SOUTERRAINE,46.241740737278604,1.490691444529265
Gare de Carmaux,CARMAUX,44.04885485361095,2.151892510951
Gare de Durtol-Nohanent,DURTOL,45.79465429106325,3.048818419999533
Gare de St-Germain-des-Fossés,SAINT-GERMAIN-DES-FOSSES,46.20901169096101,3.430507768733191
Gare de Le Lioran,LAVEISSIERE,45.090485050509,2.753676794404809
Gare de Lunel,LUNEL-VIEL,43.68112696285351,4.09361390027053
Gare de Sète,SETE,43.41348039972712,3.69976108664808
Gare de Orange,ORANGE,44.1374468337854,4.819662378820437
Gare de Avignon-TGV,AVIGNON,43.92185220386844,4.785988680479314
Gare de Carpentras,CARPENTRAS,44.050358759227,5.043626074852461
Gare de Cavaillon,CAVAILLON,43.82538806376789,5.046659091199488
Gare de Manosque-Gréoux,MANOSQUE,43.822739899302086,5.793010163891369
Gare de Aubagne,AUBAGNE,43.29621661369681,5.566716479321149
Gare de Marseille-Blancarde,MARSEILLE,43.29645454944402,5.407094172823087
Gare de Antibes,ANTIBES,43.585886664132175,7.119225384209233
Gare de Hyères,HYERES,43.10866063770032,6.124240371340878
Gare de Carnoules,CARNOULES,43.29747018644669,6.186694957665186
Gare de St-Marcellin,SAINT-MARCELLIN,45.15080169096363,5.323719250144489
Gare de Pierrelatte,PIERRELATTE,44.37464620538406,4.703944257544838
Gare de Roanne,ROANNE,46.03936961727752,4.06306753627084
Gare de Vienne,SAINT-ROMAIN-EN-GAL,45.52736492019606,4.864695170835149
Gare de Sathonay-Rillieux,SATHONAY-CAMP,45.82260534853966,4.878429559171022
Gare de Bas-Monistrol,BAS-EN-BASSET,45.29721132548249,4.139526499087438
Gare de Lyon-St-Paul,LYON,45.766349841169024,4.825581871273259
Gare de L'Arbresle,EVEUX,45.83331945489083,4.619148264726182
Gare de Tassin,TASSIN-LA-DEMI-LUNE,45.761757577392295,4.758652724434787
Gare de Brignais,BRIGNAIS,45.67371529480868,4.763849125047894
Gare de Chalon-sur-Saône,CHALON-SUR-SAONE,46.781625751008704,4.842615253494189
